Test Book,John Doe,Fiction,1,pending
Test Book,John Doe,Fiction,1,pending
Test Book,John Doe,Fiction,1,pending
Another Book,Jane Smith,Non-Fiction,2,pending
Test Book,John Doe,Fiction,1,pending
Test Book,John Doe,Fiction,1,pending
Test Book,John Doe,Fiction,1,pending
Another Book,Jane Smith,Non-Fiction,2,pending
Test Book,John Doe,Fiction,1,pending
Test Book,John Doe,Fiction,1,pending
Test Book,John Doe,Fiction,1,pending
Another Book,Jane Smith,Non-Fiction,2,pending
Test Book,John Doe,Fiction,1,pending
Test Book,John Doe,Fiction,1,pending
Test Book,John Doe,Fiction,1,pending
Another Book,Jane Smith,Non-Fiction,2,pending
Test Book,John Doe,Fiction,1,pending
Test Book,John Doe,Fiction,1,pending
Test Book,John Doe,Fiction,1,pending
Another Book,Jane Smith,Non-Fiction,2,pending
Test Book,John Doe,Fiction,1,pending
Test Book,John Doe,Fiction,1,pending
Test Book,John Doe,Fiction,1,pending
Another Book,Jane Smith,Non-Fiction,2,pending
Test Book,John Doe,Fiction,1,pending
Test Book,John Doe,Fiction,1,pending
Test Book,John Doe,Fiction,1,pending
Another Book,Jane Smith,Non-Fiction,2,pending
Test Book,John Doe,Fiction,1,pending
Test Book,John Doe,Fiction,1,pending
Test Book,John Doe,Fiction,1,pending
Another Book,Jane Smith,Non-Fiction,2,pending
Test Book,John Doe,Fiction,1,pending
Test Book,John Doe,Fiction,1,pending
Test Book,John Doe,Fiction,1,pending
Another Book,Jane Smith,Non-Fiction,2,pending
Test Book,John Doe,Fiction,1,pending
Test Book,John Doe,Fiction,1,pending
Test Book,John Doe,Fiction,1,pending
Another Book,Jane Smith,Non-Fiction,2,pending
